<?xml version="1.0" encoding="UTF-8" ?>
<odoo>
    <data noupdate="1">

        <record id="category_one" model="food.category">
            <field name="name">Breakfast</field>
        </record>
        <record id="category_two" model="food.category">
            <field name="name">Lunch</field>
        </record>
        <record id="category_three" model="food.category">
            <field name="name">Dinner</field>
        </record>
        <record id="category_four" model="food.category">
            <field name="name">Desserts</field>
        </record>
        <record id="category_five" model="food.category">
            <field name="name">Hot Drinks</field>
        </record>
        <record id="category_six" model="food.category">
            <field name="name">Cool Drinks</field>
        </record>

    </data>
</odoo>