id,name,model_id:id,group_id:id,perm_read,perm_write,perm_create,perm_unlink
hotel_management.access_hotel_management,access_hotel_management,hotel_management.model_hotel_management,base.group_user,1,1,1,1
hotel_management.access_hotel_rooms,access_hotel_rooms,hotel_management.model_hotel_rooms,base.group_user,1,1,1,1
hotel_management.access_hotel_facility,access_hotel_facility,hotel_management.model_hotel_facility,base.group_user,1,1,1,1
hotel_management.access_hotel_food,access_hotel_food,hotel_management.model_hotel_food,base.group_user,1,1,1,1
hotel_management.access_food_category,access_food_category,hotel_management.model_food_category,base.group_user,1,1,1,1
hotel_management.access_hotel_accommodation,access_hotel_accommodation,hotel_management.model_hotel_accommodation,base.group_user,1,1,1,1
hotel_management.access_hotel_guest,access_hotel_guest,hotel_management.model_hotel_guest,base.group_user,1,1,1,1
hotel_management.access_order_food,access_order_food,hotel_management.model_order_food,base.group_user,1,1,1,1
hotel_management.access_order_list,access_order_list,hotel_management.model_order_list,base.group_user,1,1,1,1
hotel_management.access_hotel_payment_line,access_hotel_payment_line,hotel_management.model_hotel_payment_line,base.group_user,1,1,1,1


